marca,classificacao
Notebook Dell Inspiron I15-3567-A10P  - Preto,133276561
Notebook Dell Inspiron Intel Core 6ª - Preto,133276561
Notebook Dell Inspiron Intel Core 6ª i3 4GB 1TB,133276561
Notebook Dell Inspiron,133276561
Notebook Dell Inspiron,133276561
Notebook Dell Inspiron,133276561
Notebook Dell Inspiron Intel Core 6ª i3 4GB 1TB,133276561
Notebook Dell Inspiron I15-3567-A10P Intel Core - Preto,133276561
Notebook Dell Inspiron I15-3567-A10P  - Preto,133276561
Notebook Dell Inspiron I15-3567-A10P  - Preto,133276561
Notebook Dell Inspiron I15-3567-A10P  - Preto,133276561
Smart TV LED 39" Semp L39S3900FS Full HD USB Wi-Fi Closed Caption,134098921
Smart TV LED 39" Semp L39S3900FS FullHD,134098921
Smart TV LED 39" Semp L39S3900FS HD,134098921
Smart TV LED 39" Semp L39S3900FS Full Grafite,134098921
Smart TV LED 39" Semp L39S3900FS HD HDMI 1 USB Wi-Fi,134098921
Smart TV LED 39" Semp L39S3900FS HD HDMI 1 USB Wi-Fi,134098921
Smart TV LED 39" Semp L39S3900FS HD HDMI 1 USB Wi-Fi,134098921
Smart TV LED 39" Semp L39S3900FS HD HDMI 1 USB Wi-Fi,134098921
Smart TV LED 39" Semp L39S3900FS HD HDMI 1 USB Wi-Fi,134098921
Smart TV LED 39" Semp L39S3900FS HD HDMI 1 USB Wi-Fi,134098921
Purificador De Água Electrolux Pe11x Prata ,24779867
Purificador De Água Electrolux,24779867
Purificador De Água Electrolux,24779867
Purificador De Água Electrolux,24779867
Purificador De Água Electrolux,24779867
Purificador De Água Electrolux,24779867
Purificador De Água Electrolux,24779867
Purificador De Água Electrolux,24779867
Purificador De Água Electrolux,24779867
Purificador De Água Electrolux,24779867
Micro-ondas Electrolux MT30S 20 Litros Silver,4443423
Micro-ondas MT30S Electrolux Silver,4443423
MT30S Micro-ondas Electrolux Silver,4443423
Micro-ondas Electrolux Silver,4443423
Micro-ondas Electrolux Silver,4443423
Micro-ondas Electrolux Silver,4443423
Micro-ondas Electrolux Silver,4443423
Micro-ondas Electrolux Silver,4443423
Micro-ondas Electrolux Silver,4443423
Micro-ondas Electrolux Silver,4443423
